pname,pimage,vcatid,stock,price,est_price,pdesc,product_cat,must_try,best_seller
Emylee,Adriana,Morrill,333,477,17,1,1,1,1
Konstance,Tabbatha,Shelba,198,438,729,2,2,2,2
Tani,Lynnea,Blase,247,825,47,3,3,3,3
Marylou,Ginnie,Douglass,583,105,940,4,4,4,4
Shannah,Quintina,Marijo,879,150,354,5,5,5,5
Teddie,Henriette,Heisel,31,612,762,6,6,6,6
Louella,Bernie,Joeann,325,833,550,7,7,7,7
Nyssa,Nicoli,Rolf,502,88,374,8,8,8,8
Linzy,Darlleen,Lamoree,151,454,842,9,9,9,9
Catharine,Mureil,Reidar,495,36,287,10,10,10,10
Dominga,Celene,Grimbly,59,454,676,11,11,11,11
Patricia,Lila,Bendick,67,228,214,12,12,12,12
Fidelia,Georgina,Jotham,490,902,463,13,13,13,13
Ada,Christal,Ricarda,581,48,47,14,14,14,14
Neila,Margarette,Raychel,495,703,435,15,15,15,15
Christian,Morganica,Zamora,349,42,77,16,16,16,16
Gusty,Corly,Ethban,494,273,800,17,17,17,17
Caryl,Gwenneth,My,692,620,283,18,18,18,18
Marika,Marinna,Bultman,364,741,880,19,19,19,19
Chickie,Evaleen,Lowry,609,395,797,20,20,20,20
Minne,Abbie,Ariella,883,681,81,21,21,21,21
Netty,Georgina,Hortensia,330,519,878,22,22,22,22
Quintina,Alejandra,Velick,178,77,4,23,23,23,23
Doro,Corry,Roscoe,900,156,54,24,24,24,24
Chloris,Andeee,Zuzana,709,376,642,25,25,25,25
Glynnis,Sallie,Bebe,653,335,139,26,26,26,26
Gusty,Therine,Torray,555,61,638,27,27,27,27
Alisha,Catharine,Eliathas,37,49,199,28,28,28,28
Zondra,Yolane,Connelly,303,259,63,29,29,29,29
Amalie,Clarice,Vilma,631,118,926,30,30,30,30
Gerrie,Blinni,Egbert,621,443,486,31,31,31,31
Doro,Gwenneth,Ogren,213,218,936,32,32,32,32
Dianemarie,Kathy,Anselmi,510,343,76,33,33,33,33
Catrina,Annora,Means,541,402,249,34,34,34,34
Arabel,Dorothy,Pacorro,255,552,206,35,35,35,35
Ivett,Romona,Pettiford,102,193,814,36,36,36,36
Dorene,Fredericka,Milson,124,322,896,37,37,37,37
Shaylyn,Dorothy,Salchunas,362,440,333,38,38,38,38
Monika,Alyssa,Bergman,557,867,716,39,39,39,39
Lindie,Jaclyn,Solitta,593,342,798,40,40,40,40
Ivett,Clary,Jacinda,352,677,424,41,41,41,41
Isa,Reeba,Ehrman,904,453,230,42,42,42,42
Amii,Marti,Paton,198,703,884,43,43,43,43
Lisette,Brynna,Rolf,275,981,227,44,44,44,44
Aurelie,Elora,Shuler,521,840,641,45,45,45,45
Kial,Kristina,Willie,475,892,189,46,46,46,46
Krystle,Beatriz,Franza,229,965,618,47,47,47,47
Hermione,Renae,Tillford,971,823,475,48,48,48,48
Priscilla,Kerrin,Goldina,692,266,111,49,49,49,49
Dulce,Lynea,Zitvaa,197,85,173,50,50,50,50
Sidoney,Carree,Grayce,602,525,223,51,51,51,51
Eolanda,Marika,Torray,149,905,243,52,52,52,52
Jenda,Iseabal,Imelida,248,924,904,53,53,53,53
Nollie,Meg,Lilas,141,553,479,54,54,54,54
Tami,Selma,Lipson,494,973,475,55,55,55,55
Danika,Tabbatha,Rooney,382,16,888,56,56,56,56
Kristan,Neila,Bearnard,564,94,838,57,57,57,57
Elsie,Clary,Bultman,738,373,412,58,58,58,58
Georgetta,Ilse,Kunin,168,768,340,59,59,59,59
Valli,Orelia,Charmine,713,540,388,60,60,60,60
Kirstin,Bettine,Thad,89,758,628,61,61,61,61
Romona,Gerianna,Lemuela,291,608,680,62,62,62,62
Nataline,Dode,Monk,45,127,442,63,63,63,63
Anestassia,Tamqrah,Therine,358,475,971,64,64,64,64
Sue,Arlina,Alejoa,182,509,908,65,65,65,65
Daune,Elora,Cyrie,341,147,582,66,66,66,66
Zsa Zsa,Tilly,Jacinda,687,644,427,67,67,67,67
Jemie,Meriel,Tremayne,149,737,741,68,68,68,68
Corry,Leeanne,Vharat,945,726,313,69,69,69,69
Myrtice,Dotty,Gladstone,755,584,122,70,70,70,70
Nessie,Nicoli,Camden,580,974,127,71,71,71,71
Blondelle,Tonia,Naor,552,436,353,72,72,72,72
Natka,Magdalena,Standing,234,871,28,73,73,73,73
Rhoda,Marnia,Frodi,592,508,960,74,74,74,74
Frieda,Suzette,Skurnik,678,874,315,75,75,75,75
Krystle,Cherilyn,Erich,669,431,954,76,76,76,76
Meriel,Eugine,Urania,400,603,696,77,77,77,77
Courtnay,Philis,Edee,804,898,735,78,78,78,78
Rochette,Cherilyn,Corabella,334,780,95,79,79,79,79
Mahalia,Gusty,Virgin,966,351,250,80,80,80,80
Lita,Tressa,Berard,792,392,848,81,81,81,81
Helena,Rivalee,Olympium,609,900,552,82,82,82,82
Abbie,Nikki,Ulphia,930,829,431,83,83,83,83
Renae,Mellicent,Cosenza,309,381,805,84,84,84,84
Sallie,Tamqrah,Talia,967,640,428,85,85,85,85
Dania,Phedra,Bari,936,503,986,86,86,86,86
Esmeralda,Ursulina,Teddman,363,644,434,87,87,87,87
Cissiee,Stevana,Milson,138,87,562,88,88,88,88
Genovera,Melanie,Schwejda,631,54,91,89,89,89,89
Chandra,Farrah,Modie,802,464,179,90,90,90,90
Katharina,Heddie,Warthman,331,202,372,91,91,91,91
Berta,Korrie,Maples,936,868,387,92,92,92,92
Chickie,Emilia,Alrich,24,413,145,93,93,93,93
Christian,Gale,Faso,201,504,321,94,94,94,94
Kary,Livvyy,Belanger,436,687,856,95,95,95,95
Emylee,Justinn,Reinke,402,298,965,96,96,96,96
Roxane,Dione,Stoller,655,20,647,97,97,97,97
Emmey,Aryn,Bach,777,776,904,98,98,98,98
Chloris,Cristabel,Pettiford,255,761,949,99,99,99,99
Madalyn,Perry,Autrey,48,629,232,100,100,100,100
Emylee,Frank,Blase,243,1000,72,101,101,101,101
Dorene,Anallese,Docilla,38,445,192,102,102,102,102
Inga,Dotty,Goddard,723,825,540,103,103,103,103
Emmey,Dania,Imelida,896,225,763,104,104,104,104
Jere,Kassey,Brenn,1,239,213,105,105,105,105
Ellette,Roslyn,Gale,232,643,695,106,106,106,106
Janey,Wilma,Pandolfi,264,559,122,107,107,107,107
Hollie,Henriette,Zeeba,190,841,140,108,108,108,108
Lizzie,Gianina,Berne,608,291,623,109,109,109,109
Caryl,Alexine,Kellby,835,796,387,110,110,110,110
Christy,Blake,Hylan,417,702,957,111,111,111,111
Gusty,Kenna,Emerson,478,800,745,112,112,112,112
Winifred,Allyce,Beebe,247,571,702,113,113,113,113
Ardenia,Fanny,Frendel,417,523,566,114,114,114,114
Rosene,Wileen,Croix,934,140,798,115,115,115,115
Pamella,Kenna,Katrine,482,521,277,116,116,116,116
Lorie,Marguerite,Tjon,845,562,881,117,117,117,117
Tarra,Betta,Macey,211,399,720,118,118,118,118
Rosanne,Theodora,Whiffen,492,665,852,119,119,119,119
Nannie,Gabriellia,Serilda,727,257,255,120,120,120,120
Chickie,Mireielle,Penelopa,989,487,538,121,121,121,121
Vere,Joceline,Kare,825,82,422,122,122,122,122
Melina,Angelique,Kenwood,117,42,981,123,123,123,123
Janey,Fernande,Sadowski,515,377,782,124,124,124,124
Cathyleen,Mary,Aloise,703,1000,132,125,125,125,125
Eolanda,Nickie,Rese,638,502,354,126,126,126,126
Carmela,Zsa Zsa,Ambrosia,222,224,634,127,127,127,127
Kelly,Mamie,Norvol,880,252,331,128,128,128,128
Zondra,Janey,Bord,705,486,560,129,129,129,129
Sadie,Emelina,Jarib,754,720,476,130,130,130,130
Janeczka,Susan,Hailee,904,716,415,131,131,131,131
Zaria,Alyssa,Wattenberg,514,830,373,132,132,132,132
Nollie,Hildegaard,Leopold,626,160,331,133,133,133,133
Kirstin,Gaylene,Markman,153,996,881,134,134,134,134
Debee,Cacilie,Goode,633,869,411,135,135,135,135
Claresta,Corly,McNully,875,55,155,136,136,136,136
Lauryn,Aurore,Konyn,696,672,953,137,137,137,137
Christy,Hannis,Sadowski,632,481,338,138,138,138,138
Lorenza,Deane,Peonir,993,525,498,139,139,139,139
Devina,Gwyneth,Zenas,946,734,524,140,140,140,140
Madeleine,Emylee,Celestine,513,623,202,141,141,141,141
Cherrita,Kial,Haerr,901,536,371,142,142,142,142
Rochette,Eve,Gino,106,636,889,143,143,143,143
Latisha,Margarette,Shaddock,403,399,124,144,144,144,144
Sidoney,Annaliese,Pacorro,304,303,365,145,145,145,145
Arabel,Britte,Raseda,220,520,213,146,146,146,146
Dale,Lily,Carvey,813,584,221,147,147,147,147
Madelle,Marsiella,Lacombe,851,96,769,148,148,148,148
Charmaine,Lesly,Primalia,472,900,323,149,149,149,149
Laure,Basia,Anderea,813,669,4,150,150,150,150
Elena,Kellen,Pitt,387,906,60,151,151,151,151
Max,Sibella,Himelman,881,547,696,152,152,152,152
Ebonee,Brianna,Francene,442,800,97,153,153,153,153
Janis,Nelle,Edmund,371,509,239,154,154,154,154
Estell,Deloria,Engdahl,392,863,317,155,155,155,155
Trixi,Yvonne,Cristi,876,744,611,156,156,156,156
Selma,Tobe,Gwenore,165,757,33,157,157,157,157
Kate,Latisha,Gillan,222,384,701,158,158,158,158
Clementine,Sonni,Heidt,236,134,588,159,159,159,159
Laure,Hallie,Ashely,240,925,995,160,160,160,160
Aeriela,Wileen,Jobi,8,24,622,161,161,161,161
Fayre,Cristabel,Phaidra,987,38,730,162,162,162,162
Dulce,Karly,Claudine,72,646,171,163,163,163,163
Marjie,Bernie,Orpah,578,141,912,164,164,164,164
Ernesta,Joelly,Anis,533,187,39,165,165,165,165
Marika,Juliane,Christine,702,736,514,166,166,166,166
Ardys,Ronna,Thad,767,709,673,167,167,167,167
Nonnah,Amii,Sherrie,529,57,446,168,168,168,168
Gusella,Briney,Gladstone,554,989,277,169,169,169,169
Dari,Merry,Haymes,676,899,864,170,170,170,170
Beth,Binny,Halla,612,901,922,171,171,171,171
Ketti,Luci,Swigart,359,639,492,172,172,172,172
Donnie,Gertrud,Colp,766,652,52,173,173,173,173
Dawn,Louella,Hermes,621,404,174,174,174,174,174
Audrie,Bibby,Bebe,686,320,546,175,175,175,175
Fanny,Kate,Concha,166,854,786,176,176,176,176
Karina,Wynne,Mike,732,380,171,177,177,177,177
Celisse,Hildegaard,Eliathas,338,301,10,178,178,178,178
Stevana,Alex,Jerald,604,212,423,179,179,179,179
Deedee,Annora,Ashok,16,469,537,180,180,180,180
Juliane,Latisha,Clywd,948,862,30,181,181,181,181
Codie,Evaleen,Odell,153,687,578,182,182,182,182
Leia,Fayre,Arathorn,77,518,654,183,183,183,183
Leontine,Ada,Jillane,37,298,560,184,184,184,184
Clo,Nariko,Merell,526,727,514,185,185,185,185
Coral,Merrie,Mayeda,834,835,64,186,186,186,186
Leeanne,Jackie,Lia,709,150,435,187,187,187,187
Esmeralda,Hope,Kellby,609,22,688,188,188,188,188
Dorothy,Olivette,Sekofski,919,764,404,189,189,189,189
Katharina,Bertine,Millda,684,960,375,190,190,190,190
Bobbi,Dari,Oscar,957,594,92,191,191,191,191
Carmela,Beth,Gaspard,681,347,411,192,192,192,192
Annice,Elbertina,Suanne,395,835,695,193,193,193,193
Alexine,Gianina,Durante,263,105,812,194,194,194,194
Carolina,Millie,Peonir,412,808,692,195,195,195,195
Joane,Penelopa,Stevy,636,229,74,196,196,196,196
Selia,Laurene,Abernon,989,666,180,197,197,197,197
Sophia,Roseline,Cecile,445,204,406,198,198,198,198
Deirdre,Vanessa,Bergman,566,770,324,199,199,199,199
Zaria,Melina,Brady,142,681,422,200,200,200,200
Zia,Jenda,Rebecka,890,669,857,201,201,201,201
Britni,Bill,Maurine,304,609,651,202,202,202,202
Ardeen,Althea,Niles,256,158,283,203,203,203,203
Ronna,Mureil,Artie,558,707,217,204,204,204,204
Tonia,Livvyy,Jess,877,407,521,205,205,205,205
Jerry,Heida,Rebecka,68,299,535,206,206,206,206
Sissy,Rivalee,Salvidor,848,454,355,207,207,207,207
Lilith,Joy,Dorcy,466,3,352,208,208,208,208
Oona,Angela,Carvey,334,203,267,209,209,209,209
Nita,Loree,Salvidor,836,313,913,210,210,210,210
Jolyn,Eugine,Sidonius,103,32,349,211,211,211,211
Tera,Barbi,Bivins,140,883,106,212,212,212,212
Vivia,Ira,Weinreb,555,649,249,213,213,213,213
Mallory,Dulcinea,Elvyn,300,864,152,214,214,214,214
Willetta,Alex,Brunell,467,569,136,215,215,215,215
Orsola,Ezmeralda,Hathaway,501,522,401,216,216,216,216
Kalina,Larine,Meter,551,311,624,217,217,217,217
Jenilee,Camile,Erskine,279,371,540,218,218,218,218
Queenie,Orelia,Greenwald,786,442,448,219,219,219,219
Emylee,Michaelina,Lenny,807,608,334,220,220,220,220
Mallory,Tarra,Havens,355,934,171,221,221,221,221
Kaia,Trudie,Even,434,291,331,222,222,222,222
Magdalena,Cristabel,Thema,471,804,180,223,223,223,223
Katuscha,Jordan,Philipp,996,411,746,224,224,224,224
Jacenta,Amelia,Granoff,139,685,980,225,225,225,225
Valera,Kristina,Serilda,26,675,884,226,226,226,226
Liana,Jessamyn,Posner,454,391,96,227,227,227,227
Vivia,Ekaterina,Delacourt,333,596,473,228,228,228,228
Nanete,Selma,Ardra,382,355,827,229,229,229,229
Brandise,Laurene,Cleo,676,667,94,230,230,230,230
Jacenta,Belva,Telfer,887,975,116,231,231,231,231
June,Celisse,Soneson,655,976,37,232,232,232,232
Nanete,Diena,Woodberry,395,684,473,233,233,233,233
Karena,Lizzie,Bergman,317,260,3,234,234,234,234
Lila,Maryellen,Solitta,478,852,469,235,235,235,235
Mireielle,Ada,Dearborn,31,317,342,236,236,236,236
Clarice,Jerry,Ephrem,874,98,933,237,237,237,237
Sharlene,Monika,An,86,195,180,238,238,238,238
Merle,Flory,Casimir,60,88,952,239,239,239,239
Eadie,Ketti,Himelman,366,849,267,240,240,240,240
Kaja,Britni,Garlinda,773,373,458,241,241,241,241
Katuscha,Elyssa,Wilkinson,221,15,990,242,242,242,242
Tobe,Chickie,Afton,355,307,268,243,243,243,243
Linzy,Cyb,Lay,566,670,716,244,244,244,244
Daphne,Kirbee,Riva,49,757,476,245,245,245,245
Cacilie,Addia,Ammann,800,254,325,246,246,246,246
Angela,Starla,Schonfeld,178,197,118,247,247,247,247
Willetta,Bettine,Thar,799,230,811,248,248,248,248
Tracey,Margalo,Honoria,650,455,230,249,249,249,249
Meghann,Yvonne,Jeanne,236,297,903,250,250,250,250
Pearline,Penelopa,Bendick,609,609,634,251,251,251,251
Nikki,Jaclyn,Alcott,617,11,171,252,252,252,252
Paule,Aaren,Laverne,941,654,579,253,253,253,253
Heddie,Corene,Devlen,741,508,266,254,254,254,254
Jeanna,Melanie,Kazimir,432,330,441,255,255,255,255
Celisse,Selma,Casimir,714,172,894,256,256,256,256
Mariann,Cristine,Tillford,931,687,616,257,257,257,257
Briney,Charlena,O'Rourke,550,175,742,258,258,258,258
Merci,Dorene,Ivens,50,792,630,259,259,259,259
Tressa,Lusa,Maribeth,905,433,950,260,260,260,260
Deloria,Shel,Mandler,795,112,714,261,261,261,261
Heddie,Tiffie,Rheingold,749,909,886,262,262,262,262
Trudie,Hettie,Pandolfi,705,769,99,263,263,263,263
Brena,Romona,Emerson,465,517,419,264,264,264,264
Elvira,Pearline,Anyah,413,868,21,265,265,265,265
Gusty,Marcelline,Reneta,971,908,480,266,266,266,266
Bobinette,Gaylene,Rossner,755,357,967,267,267,267,267
Joy,Wanda,Arvo,594,495,848,268,268,268,268
Nollie,Collen,Fiester,431,318,858,269,269,269,269
Elise,Roz,Emanuel,274,980,197,270,270,270,270
Neila,Stephanie,Colbert,764,358,243,271,271,271,271
Petronia,Gloria,Georas,364,682,614,272,272,272,272
Consuela,Chastity,Ephrem,922,895,524,273,273,273,273
Constance,Candi,Lane,449,7,635,274,274,274,274
Alia,Larine,Gower,588,793,869,275,275,275,275
Ann-Marie,Shirlee,Merna,739,399,96,276,276,276,276
Elie,Annice,Sperling,955,775,635,277,277,277,277
Talya,Renae,Mendez,301,352,153,278,278,278,278
Starla,Millie,Larochelle,303,403,484,279,279,279,279
Gertrud,Sybille,Sholley,680,360,507,280,280,280,280
Bertine,Lonnie,Stilwell,12,64,125,281,281,281,281
Kore,Hermione,Natica,412,405,804,282,282,282,282
Raina,Edee,Celestine,177,929,577,283,283,283,283
Dorthy,Teddie,Ovid,210,238,390,284,284,284,284
Flory,Stevana,Bollay,753,442,442,285,285,285,285
Daryl,Isa,Devlen,719,468,535,286,286,286,286
Jessamyn,Donnie,Quent,765,135,449,287,287,287,287
Georgina,Orelia,Kaete,171,785,372,288,288,288,288
Ezmeralda,Nerta,Publia,684,152,620,289,289,289,289
Doralynne,Letizia,Helve,148,13,577,290,290,290,290
Eolanda,Lonnie,Pitt,745,813,343,291,291,291,291
Ira,Cam,Wind,878,464,659,292,292,292,292
Averyl,Albertina,Kenwood,853,195,275,293,293,293,293
Queenie,Perry,Shirberg,559,546,705,294,294,294,294
Candy,Dania,Sidonius,981,903,339,295,295,295,295
Sam,Lenna,Cressida,584,752,981,296,296,296,296
Deirdre,Rivalee,Lattie,450,890,650,297,297,297,297
Evita,Teriann,Loeb,792,644,7,298,298,298,298
Ariela,Jobi,Wallis,233,75,873,299,299,299,299
Lita,Adriana,Montgomery,756,595,778,300,300,300,300
Dari,Marnia,Delila,676,306,591,301,301,301,301
Cherrita,Giustina,Quent,823,701,978,302,302,302,302
Lenna,Mureil,Sperling,710,66,827,303,303,303,303
Oralee,Roxane,Carleen,166,356,194,304,304,304,304
Madalyn,Courtnay,Brian,734,684,167,305,305,305,305
Pollyanna,Lorenza,Paine,409,870,193,306,306,306,306
Petronia,Claresta,Briney,294,473,458,307,307,307,307
Jaclyn,Gianina,Faria,155,328,733,308,308,308,308
Renae,Fayre,Maples,190,854,306,309,309,309,309
Minda,Dorthy,Mandler,312,225,416,310,310,310,310
Merry,Emmey,Jess,109,49,136,311,311,311,311
Maye,Eve,Stoller,903,205,824,312,312,312,312
Emelina,Cecile,Carlson,472,842,940,313,313,313,313
Hildegaard,Shaylyn,Hedve,999,337,21,314,314,314,314
Karolina,Candi,Liebermann,944,439,673,315,315,315,315
Katuscha,Chrystel,Libna,54,11,870,316,316,316,316
Caryl,Jenilee,Socha,375,371,936,317,317,317,317
Annabela,Ernesta,MacIntosh,124,951,277,318,318,318,318
Lexine,Gaylene,Fillbert,359,235,536,319,319,319,319
Carly,Gerianna,Ricarda,906,631,128,320,320,320,320
Thalia,Norine,Juan,975,870,567,321,321,321,321
Angela,Marti,Brian,950,494,973,322,322,322,322
Zia,Britni,Elephus,414,102,542,323,323,323,323
Marguerite,Corene,Roumell,992,110,811,324,324,324,324
Wileen,Gwenneth,Emmy,960,990,523,325,325,325,325
Eve,Liana,Hepsibah,78,392,266,326,326,326,326
Claresta,Mariele,Old,236,575,31,327,327,327,327
Margarette,Elise,Garbe,160,329,7,328,328,328,328
Fanchon,Dorice,Isidore,176,947,323,329,329,329,329
Carmencita,Tori,Hurley,245,675,241,330,330,330,330
Lorenza,Keelia,Elvyn,441,70,416,331,331,331,331
Danika,Dotty,Couture,707,651,241,332,332,332,332
Brietta,Sibella,Taima,146,485,998,333,333,333,333
Keelia,Marsiella,Randene,843,273,703,334,334,334,334
Asia,Nicoli,Kaja,638,858,41,335,335,335,335
Wilma,Stephanie,Bari,449,915,555,336,336,336,336
Maisey,Dale,Doig,769,574,603,337,337,337,337
Daryl,Magdalena,Ammann,834,904,512,338,338,338,338
Allyce,Selma,Hoenack,737,291,793,339,339,339,339
Lulita,Dotty,Zaslow,476,268,426,340,340,340,340
Aubrie,Elie,Merell,571,789,498,341,341,341,341
Ginnie,Joy,Lenny,82,366,739,342,342,342,342
Georgina,Marline,Alfons,567,154,198,343,343,343,343
Odessa,Ernesta,Chapland,80,833,985,344,344,344,344
Berget,Ardeen,Vilma,941,610,85,345,345,345,345
Lorie,Paola,Vale,913,686,974,346,346,346,346
Glenda,Dianemarie,Taam,241,548,829,347,347,347,347
Micheline,Susan,Mintz,575,673,689,348,348,348,348
Zsa Zsa,Heida,Capello,219,320,24,349,349,349,349
Anestassia,Lita,Albertine,600,646,518,350,350,350,350
Kathy,Yvonne,Kolnick,713,719,57,351,351,351,351
Darlleen,Ernesta,Othilia,607,24,511,352,352,352,352
Nadine,Winifred,Harriman,347,184,311,353,353,353,353
Sandie,Gaylene,Haerr,899,718,685,354,354,354,354
Lindie,Annice,Terrence,583,860,411,355,355,355,355
Di,Abbie,Hessler,225,875,941,356,356,356,356
Raf,Fanny,Gilmour,520,161,467,357,357,357,357
Elyssa,Joy,Tryck,454,653,399,358,358,358,358
Joeann,Nanete,Germann,108,441,954,359,359,359,359
Aurelie,Nerta,Joeann,596,502,447,360,360,360,360
Kalina,Cam,Yorick,868,396,34,361,361,361,361
Melodie,Marjie,Lynn,645,40,253,362,362,362,362
Joleen,Catharine,Love,624,969,655,363,363,363,363
Aubrie,Camile,Casimir,307,972,193,364,364,364,364
Olwen,Marjie,O'Rourke,705,63,60,365,365,365,365
Linet,Keelia,Daegal,155,204,796,366,366,366,366
Catharine,Belva,Larochelle,80,7,751,367,367,367,367
Daryl,Calla,Chandler,319,853,411,368,368,368,368
Trudie,Ana,Macey,880,358,462,369,369,369,369
Tybie,Peri,Damarra,742,136,224,370,370,370,370
Danika,Codie,Franza,734,551,951,371,371,371,371
Lynea,Camile,Stevy,8,612,109,372,372,372,372
Desirae,Fanny,Ventre,249,296,481,373,373,373,373
Aeriela,Adelle,Ellord,628,183,69,374,374,374,374
Annabela,Marcy,Douglass,592,567,622,375,375,375,375
Kirstin,Lauryn,Vins,221,867,904,376,376,376,376
Nollie,Brandise,Zetta,16,742,394,377,377,377,377
Devina,Fanchon,Travax,550,655,495,378,378,378,378
Penelopa,Cathie,Fink,10,903,994,379,379,379,379
Jeanna,Celene,Kamaria,421,635,465,380,380,380,380
Lily,Katleen,Turne,606,794,552,381,381,381,381
Wanda,Carmencita,Claudine,632,801,276,382,382,382,382
Brynna,Randa,Atonsah,437,645,372,383,383,383,383
Delilah,Annice,Verger,761,228,405,384,384,384,384
Marcelline,Gretal,Hull,701,503,844,385,385,385,385
Leontine,Millie,Bonilla,757,83,638,386,386,386,386
Jinny,Dianemarie,Ogren,129,580,156,387,387,387,387
Stacey,Carly,Noam,988,460,371,388,388,388,388
Dione,Charissa,Tarrant,309,858,463,389,389,389,389
Valeda,Judy,Lewes,442,12,416,390,390,390,390
Allis,Jsandye,Morrill,983,482,81,391,391,391,391
Nonnah,Jenilee,Jobi,946,113,664,392,392,392,392
Harmonia,Micheline,Isacco,991,704,390,393,393,393,393
Rozele,Georgina,Schwejda,2,553,312,394,394,394,394
Nollie,Alex,Dorcy,165,538,690,395,395,395,395
Donetta,Harrietta,Gilmour,99,404,122,396,396,396,396
Mara,Sheelagh,Gwenore,791,781,199,397,397,397,397
Jinny,Clo,Natalia,2,473,154,398,398,398,398
Hettie,Maud,Kevon,479,308,363,399,399,399,399
Siana,Tonia,Papageno,955,794,999,400,400,400,400
Raf,Imojean,Skell,649,477,786,401,401,401,401
Mariann,Averyl,Vorster,623,129,727,402,402,402,402
Roz,Ebonee,Olin,459,528,902,403,403,403,403
Agathe,Jobi,Gale,390,192,929,404,404,404,404
Gabriellia,Shaylyn,Fennessy,552,241,9,405,405,405,405
Angela,Delilah,Marisa,582,933,501,406,406,406,406
Caressa,Myriam,Quinn,959,821,703,407,407,407,407
Violet,Alexine,Albertine,117,188,672,408,408,408,408
Sean,Orelia,Linskey,760,427,724,409,409,409,409
Rosene,Jany,Wildermuth,643,304,311,410,410,410,410
Candy,Meriel,Schwejda,311,184,196,411,411,411,411
Mamie,Sarette,Waldron,741,378,765,412,412,412,412
Shaine,Ariela,Valoniah,240,132,952,413,413,413,413
Darlleen,Korrie,Medrek,410,29,457,414,414,414,414
Tonia,Carolina,Gaspard,60,997,714,415,415,415,415
Roz,Gwenneth,Fancie,879,617,200,416,416,416,416
Edee,Dale,Elephus,499,798,365,417,417,417,417
Cindelyn,Elbertina,Sundin,293,120,629,418,418,418,418
Audrie,Tori,Weaks,844,495,333,419,419,419,419
Lynde,Glenda,Ciapas,279,309,447,420,420,420,420
Brandise,Moyna,Parsaye,395,342,843,421,421,421,421
Ketti,Daphne,Lemuela,793,742,494,422,422,422,422
Clary,Allyce,Braun,960,849,166,423,423,423,423
Ericka,Stacey,Even,214,765,771,424,424,424,424
Natka,Adriana,Mendez,702,465,754,425,425,425,425
Jorry,Clo,Blake,324,312,140,426,426,426,426
June,Tomasina,Maryanne,866,303,977,427,427,427,427
Hannis,Alameda,Noman,877,145,28,428,428,428,428
Britte,Mireielle,Margret,479,750,368,429,429,429,429
Viki,Margette,Heidt,663,163,254,430,430,430,430
Merry,Vere,Solitta,286,457,88,431,431,431,431
Pearline,Nessie,Vernier,96,48,172,432,432,432,432
Roseline,Mady,Hermes,241,224,205,433,433,433,433
Lacie,Helsa,Payson,858,300,330,434,434,434,434
Melodie,Ekaterina,Nikaniki,293,14,682,435,435,435,435
Alie,Petronia,Verger,402,174,316,436,436,436,436
Florencia,Deloria,Fairweather,216,437,35,437,437,437,437
Elyssa,Brena,Georas,674,347,909,438,438,438,438
Meghann,Dagmar,Diogenes,259,187,525,439,439,439,439
Joceline,Esmeralda,Gusella,444,320,578,440,440,440,440
Kelly,Jorry,Haymes,425,190,325,441,441,441,441
Aili,Jean,Amethist,729,600,133,442,442,442,442
Kirstin,Gilda,Pandolfi,770,578,349,443,443,443,443
Ulrike,Susan,Keelia,762,129,513,444,444,444,444
Valli,Dominga,Georas,518,325,597,445,445,445,445
Gilda,Peri,Ludewig,420,156,18,446,446,446,446
Charissa,Cordi,Fontana,203,137,870,447,447,447,447
Courtnay,Ileana,Wooster,388,407,1,448,448,448,448
Siana,Juliane,Maxi,753,181,855,449,449,449,449
Iseabal,Zaria,Vastah,991,566,191,450,450,450,450
Evita,Addia,Merna,676,762,680,451,451,451,451
Delilah,Glenda,Kimmie,500,253,416,452,452,452,452
Lacie,Joleen,Raama,410,604,905,453,453,453,453
Beverley,Marita,Susannah,27,714,809,454,454,454,454
Adore,Josephine,Rona,256,182,239,455,455,455,455
Chandra,Nicoli,Jacinda,596,420,371,456,456,456,456
Jessy,Shaine,Cookie,257,677,93,457,457,457,457
Trudie,Alie,Fennessy,393,515,234,458,458,458,458
Deloria,Rozele,Lorenz,290,713,454,459,459,459,459
Jenda,Alia,Ralfston,350,993,147,460,460,460,460
Myrtice,Sheelagh,Hilbert,275,478,589,461,461,461,461
Ekaterina,Romona,Delp,489,581,289,462,462,462,462
Keelia,Danny,Pandolfi,158,145,354,463,463,463,463
Carolina,Damaris,Fadiman,221,867,819,464,464,464,464
Blinni,Nadine,Teddman,987,842,452,465,465,465,465
Emylee,Berta,Graig,228,15,501,466,466,466,466
Lusa,Hettie,Zenas,483,213,963,467,467,467,467
Annabela,Giustina,Colbert,375,611,904,468,468,468,468
Kerrin,Anica,Boehike,906,612,933,469,469,469,469
Chrystel,Constance,Arathorn,292,785,544,470,470,470,470
Cissiee,Berta,Penelopa,660,103,957,471,471,471,471
Britte,Elsie,Ricki,911,133,669,472,472,472,472
Marsiella,Valera,Gale,125,802,559,473,473,473,473
Tatiania,Daryl,Silvan,598,306,116,474,474,474,474
Livvyy,Basia,Ventre,334,76,329,475,475,475,475
Georgina,Clarice,Wenda,233,838,91,476,476,476,476
Cristine,Allis,Philoo,378,410,158,477,477,477,477
Sonni,Dennie,Alarise,947,597,795,478,478,478,478
Arlena,Lolita,Shuler,61,630,807,479,479,479,479
Rosaline,Amii,Edee,591,456,117,480,480,480,480
Patricia,Priscilla,Ardeha,637,535,373,481,481,481,481
Ileana,Farrah,Berl,511,280,601,482,482,482,482
Collen,Hyacinthe,Dielu,822,292,314,483,483,483,483
Wilma,Ada,Morrill,629,759,626,484,484,484,484
Ana,Nataline,Hazlett,555,14,548,485,485,485,485
Leanna,Bernie,Kelula,948,733,806,486,486,486,486
Olwen,Maye,Suanne,603,200,266,487,487,487,487
Marika,Fanny,Iiette,964,146,437,488,488,488,488
Angelique,Kirstin,Blisse,448,746,474,489,489,489,489
Ronna,Priscilla,Ball,557,208,748,490,490,490,490
Bernardine,Jennica,Paine,564,809,410,491,491,491,491
Dianemarie,Drucie,Anis,930,827,401,492,492,492,492
Eugine,Drucie,Othilia,113,429,829,493,493,493,493
Ursulina,Lindie,Nicoline,294,854,873,494,494,494,494
Brana,Lacie,Fancie,735,57,541,495,495,495,495
Meriel,Ilse,Pillsbury,920,424,392,496,496,496,496
Corly,Lynde,Tristram,597,51,975,497,497,497,497
Jaime,Lory,LaRue,662,518,399,498,498,498,498
Clementine,Elie,Jehu,814,540,328,499,499,499,499
Nickie,Lila,Gavrila,786,860,419,500,500,500,500
Elie,Mariann,Palocz,403,223,567,501,501,501,501
Jeanna,Aeriela,Salchunas,886,944,581,502,502,502,502
Magdalena,Keelia,Cimbura,516,655,979,503,503,503,503
Anica,Benita,Leonard,454,532,329,504,504,504,504
Diena,Danny,Viddah,176,974,612,505,505,505,505
Pamella,Cassandra,Teddman,889,653,978,506,506,506,506
Joleen,Sonni,Jehu,448,434,677,507,507,507,507
Beth,Tori,Joseph,720,143,383,508,508,508,508
Lesly,Sadie,Mauer,593,89,696,509,509,509,509
Nelle,Carly,Oriana,915,785,479,510,510,510,510
Ruthe,Feliza,Woodberry,517,87,14,511,511,511,511
Johna,Ruthe,Ehrman,225,380,727,512,512,512,512
Dulce,Joy,Valoniah,9,87,770,513,513,513,513
Evaleen,Chastity,Wattenberg,112,568,203,514,514,514,514
Dawn,Darlleen,Daveta,163,441,906,515,515,515,515
Rosene,Corina,Jess,718,870,213,516,516,516,516
Binny,Mathilda,Weaks,412,3,13,517,517,517,517
Nonnah,Jenda,Sibyls,533,374,319,518,518,518,518
Vonny,Lynde,Jena,391,808,656,519,519,519,519
Evaleen,Georgetta,Thornburg,59,304,644,520,520,520,520
Robinia,Helsa,Ogren,871,580,124,521,521,521,521
Fernande,Sharai,Faust,878,525,706,522,522,522,522
Marsiella,Sarette,Ardra,300,294,76,523,523,523,523
Cherilyn,Meghann,Uund,969,851,959,524,524,524,524
Basia,Marcy,Frodi,723,721,467,525,525,525,525
Rosabelle,Rhoda,Belldas,109,572,415,526,526,526,526
Adriana,Damaris,Daniele,888,159,34,527,527,527,527
Lizzie,Gretal,Grimbly,886,213,459,528,528,528,528
Fred,Elfreda,Konyn,141,641,649,529,529,529,529
Valera,Valeda,Daegal,632,667,596,530,530,530,530
Yetty,Constance,Johnsson,758,376,809,531,531,531,531
Gretal,Giustina,Borrell,35,34,972,532,532,532,532
Consuela,Rebeca,Chapland,318,54,374,533,533,533,533
Priscilla,Shel,Jalbert,1000,690,366,534,534,534,534
Marjie,Nariko,Jacobah,180,674,977,535,535,535,535
Bibby,Susan,Zachary,459,38,423,536,536,536,536
Gisela,Di,Dulciana,335,523,132,537,537,537,537
Talya,Frank,Wildermuth,474,585,738,538,538,538,538
Silvana,Melina,Japeth,949,876,866,539,539,539,539
Thalia,Myriam,Artie,809,897,304,540,540,540,540
Dawn,Ivett,Lauraine,677,945,375,541,541,541,541
Ardys,Talya,Jacinda,167,27,703,542,542,542,542
Cathyleen,Talya,Linskey,390,535,509,543,543,543,543
Brooks,Beverley,Leary,264,862,844,544,544,544,544
Heida,Renie,Halsey,498,561,801,545,545,545,545
Nonnah,Kirstin,Grayce,311,38,226,546,546,546,546
Gui,Noelle,Etom,121,373,889,547,547,547,547
Mireielle,Chrystel,Bandeen,314,333,752,548,548,548,548
Berget,Sallie,Dorothy,921,567,606,549,549,549,549
Reeba,Nikki,Bibi,370,814,338,550,550,550,550
Ada,Gwenneth,Tatianas,163,629,663,551,551,551,551
Veda,Damaris,Gusella,238,8,714,552,552,552,552
Bobbi,Lyssa,Borrell,328,429,706,553,553,553,553
Lauryn,Beatriz,Lorain,207,242,169,554,554,554,554
Lexine,Lita,Lissi,145,434,769,555,555,555,555
Sonni,Glynnis,Kirstin,904,694,639,556,556,556,556
Adelle,Sibella,Telfer,286,490,237,557,557,557,557
Maridel,Ekaterina,Latini,849,791,950,558,558,558,558
Feliza,Cathyleen,Brady,644,845,527,559,559,559,559
Silvana,Dotty,Kalinda,461,279,245,560,560,560,560
Willetta,Carilyn,Suzetta,511,952,235,561,561,561,561
Dede,Hermione,Reinke,476,42,179,562,562,562,562
Rivalee,Lanae,Candy,470,749,487,563,563,563,563
Concettina,Adriana,Amasa,974,46,204,564,564,564,564
Meg,Gerrie,Candy,788,36,1000,565,565,565,565
Wanda,Deirdre,Nikaniki,734,57,601,566,566,566,566
Lorne,Jerry,Rhu,860,60,922,567,567,567,567
Ileana,Minne,Jacobah,31,546,940,568,568,568,568
Eadie,Bill,Telfer,937,375,290,569,569,569,569
Thalia,Asia,Ovid,241,617,547,570,570,570,570
Willetta,Lindie,Alisia,667,42,116,571,571,571,571
Britni,Cassandra,Mintz,586,781,802,572,572,572,572
Hannis,Jacenta,Hanshaw,678,881,453,573,573,573,573
Corene,Gabriellia,Aurelio,947,880,12,574,574,574,574
Therine,Kore,Stover,107,364,149,575,575,575,575
Regina,Tybie,Rheingold,380,152,533,576,576,576,576
Keelia,Genevra,Lorain,486,635,784,577,577,577,577
Paulita,Roz,Velick,310,37,299,578,578,578,578
Zia,Tatiania,Weitman,670,58,923,579,579,579,579
Imojean,Kimmy,Kress,336,413,827,580,580,580,580
Donnie,Di,Taima,554,257,965,581,581,581,581
Margette,Mellicent,Liebermann,86,629,584,582,582,582,582
Aurelie,Tybie,Annice,202,533,797,583,583,583,583
Carolina,Glenda,Flita,286,114,106,584,584,584,584
Barbara,Raquela,Hortensia,997,239,607,585,585,585,585
Carolina,Kelly,Selway,182,572,538,586,586,586,586
Wynne,Gabriellia,Weitman,661,958,784,587,587,587,587
Hettie,Lory,Burnside,11,570,785,588,588,588,588
Jemie,Gwyneth,Yoko,49,670,57,589,589,589,589
Justinn,Annabela,Zetta,926,995,100,590,590,590,590
Iseabal,Fayre,Suzetta,390,775,944,591,591,591,591
Sybille,Melina,Markman,463,846,917,592,592,592,592
Shirlee,Sashenka,Vacuva,79,620,453,593,593,593,593
Carmela,Queenie,Vernier,843,429,558,594,594,594,594
Yvonne,Glenda,Elbertina,707,435,492,595,595,595,595
Sybille,Augustine,Lissi,771,331,94,596,596,596,596
Averyl,Ariela,Barney,213,340,114,597,597,597,597
Gilligan,Marsiella,Hazlett,287,475,610,598,598,598,598
Laurene,Edyth,Horan,33,841,66,599,599,599,599
Cristine,Joleen,Havens,28,680,687,600,600,600,600
Clementine,Fanchon,Haymes,281,223,662,601,601,601,601
Orelia,Ekaterina,Konyn,726,711,806,602,602,602,602
Dominga,Rosanne,Maryanne,558,351,29,603,603,603,603
Doro,Lynde,Sekofski,211,397,276,604,604,604,604
Elyssa,Zsa Zsa,Sibyls,322,522,953,605,605,605,605
Jackie,Olwen,Ader,723,67,329,606,606,606,606
Edyth,Jaclyn,Fax,780,307,811,607,607,607,607
Yvonne,Raina,Myrilla,473,585,995,608,608,608,608
Robinia,Marika,Peti,369,995,889,609,609,609,609
Elena,Dyann,Alwin,545,594,658,610,610,610,610
Cyb,Cathyleen,Klotz,15,437,979,611,611,611,611
Cissiee,Kayla,Tyson,933,676,190,612,612,612,612
Stacey,Marsiella,Land,851,880,566,613,613,613,613
Lolita,Inga,Viddah,789,131,332,614,614,614,614
Gavrielle,Flory,Kare,634,588,728,615,615,615,615
Ketti,Tracey,Wallis,681,44,514,616,616,616,616
Gertrud,Giustina,Bobbee,410,304,105,617,617,617,617
Dorice,Olivette,Presber,10,954,364,618,618,618,618
Gusella,Kaja,Joeann,728,728,175,619,619,619,619
Jan,Gianina,Taam,662,83,810,620,620,620,620
Ellette,Viki,Fulmer,268,493,283,621,621,621,621
Verla,Annecorinne,Dunkin,984,967,630,622,622,622,622
Elfreda,Lynnea,Liebermann,5,870,371,623,623,623,623
Philis,Cam,Mitzi,194,361,667,624,624,624,624
Gilligan,Deedee,Merat,857,129,976,625,625,625,625
Ilse,Mary,Rebecka,549,535,835,626,626,626,626
Misha,Kathi,Alwin,274,386,949,627,627,627,627
Mady,Mamie,Delacourt,457,913,474,628,628,628,628
Roseline,Sonni,Voletta,571,155,526,629,629,629,629
Agathe,Ruthe,Sparhawk,776,898,416,630,630,630,630
Kimmy,Philis,Hirsch,430,919,527,631,631,631,631
Beth,Betta,Forrer,851,199,263,632,632,632,632
Rochette,June,Adamsen,145,299,259,633,633,633,633
Bobinette,Heddie,Odysseus,713,93,327,634,634,634,634
Hildegaard,Lacie,Waldron,74,337,432,635,635,635,635
Mireielle,Gwenneth,Schalles,93,114,478,636,636,636,636
Briney,Ezmeralda,Dorothy,911,944,638,637,637,637,637
Priscilla,Vita,Scammon,712,968,81,638,638,638,638
Karly,Tomasina,Yoko,70,641,934,639,639,639,639
Raina,Hyacinthe,Noman,229,859,755,640,640,640,640
Rhea,Shauna,Campball,62,858,510,641,641,641,641
Angela,Marinna,Raseda,170,4,947,642,642,642,642
Nariko,Norine,Bahr,275,854,531,643,643,643,643
Emelina,Vonny,Greyson,939,46,825,644,644,644,644
Clo,Liana,Janith,515,624,111,645,645,645,645
Therine,Flory,Sidonius,119,885,553,646,646,646,646
Inga,Alyssa,Tayib,344,445,793,647,647,647,647
Ida,Mignon,Vernier,324,149,545,648,648,648,648
Blondelle,Linzy,Lumbard,723,734,246,649,649,649,649
Lorenza,Atlanta,Lea,640,577,347,650,650,650,650
Tani,Siana,Dudley,995,445,850,651,651,651,651
Tamqrah,Michaelina,Zuzana,755,839,282,652,652,652,652
Alleen,Sandie,Germann,312,168,710,653,653,653,653
Lolita,Gilligan,Nore,253,270,962,654,654,654,654
Willetta,Elyssa,Nelsen,623,584,363,655,655,655,655
Rosene,Alameda,Engdahl,36,961,659,656,656,656,656
Monika,Danny,Tryck,382,487,187,657,657,657,657
Florencia,Jolyn,Dunkin,336,779,141,658,658,658,658
Lolita,Priscilla,Tufts,625,948,613,659,659,659,659
Millie,Genovera,Edmund,719,57,215,660,660,660,660
Cecile,Fanchon,Brotherson,403,991,300,661,661,661,661
Cristine,Kaia,Silvan,486,769,562,662,662,662,662
Myrtice,Fidelia,Winthorpe,445,768,934,663,663,663,663
Nikki,Katuscha,Zrike,568,493,884,664,664,664,664
Genovera,Aili,Tjon,424,814,255,665,665,665,665
Kirbee,Ulrike,Grimbly,904,200,462,666,666,666,666
Sean,Sandie,Bury,230,99,647,667,667,667,667
Benita,Lucy,Harday,243,862,15,668,668,668,668
Lindie,Lynnea,Cottle,895,974,879,669,669,669,669
Margarette,Cam,Sancho,429,689,768,670,670,670,670
Lexine,Carol-Jean,Junie,158,772,555,671,671,671,671
Priscilla,Renae,Paton,196,283,402,672,672,672,672
Jaclyn,Philis,Kussell,603,395,22,673,673,673,673
Jinny,Teddie,Santoro,962,544,595,674,674,674,674
Marita,Penelopa,Sundin,842,263,536,675,675,675,675
Zia,Pamella,Konyn,134,726,276,676,676,676,676
Joane,Gaylene,Hoban,962,988,602,677,677,677,677
Zsa Zsa,Janey,Middleton,657,778,236,678,678,678,678
Christian,Stephanie,Mathilde,631,763,583,679,679,679,679
Raina,Starla,Tybald,892,253,441,680,680,680,680
Ruthe,Rosaline,Lilas,646,538,764,681,681,681,681
Alisha,Jasmina,Lipson,374,822,532,682,682,682,682
Georgetta,Claresta,Matthew,654,462,54,683,683,683,683
Bobinette,Olivette,Carvey,951,399,860,684,684,684,684
Eve,Lynea,Faria,258,801,866,685,685,685,685
Jorry,Aaren,Dulciana,363,402,423,686,686,686,686
Dotty,Beth,Hashim,915,718,277,687,687,687,687
Valli,Orelia,Judye,177,251,468,688,688,688,688
Mamie,Zia,Ricarda,48,756,856,689,689,689,689
Cam,Kate,Kermit,531,365,856,690,690,690,690
Chloris,Mireielle,Valoniah,932,719,737,691,691,691,691
Carly,Steffane,Kermit,975,551,289,692,692,692,692
Gui,Imojean,Tiffa,326,757,331,693,693,693,693
Lusa,Trixi,Calhoun,376,70,946,694,694,694,694
Randa,Cathyleen,Killigrew,691,876,165,695,695,695,695
Jeanna,Gusella,Michella,215,481,207,696,696,696,696
Georgina,Sara-Ann,Stover,777,723,238,697,697,697,697
Heddie,Judy,Narton,469,269,450,698,698,698,698
Yolane,Brianna,Haldas,177,49,161,699,699,699,699
Joy,Peri,Thar,990,829,374,700,700,700,700
Ezmeralda,Evita,Damarra,51,12,766,701,701,701,701
Lila,Christal,Florina,439,174,129,702,702,702,702
Lila,Jorry,Truc,710,77,407,703,703,703,703
Shaylyn,Melina,Bates,797,14,594,704,704,704,704
Judy,Grier,Clara,908,165,816,705,705,705,705
Fanny,Karina,Bari,498,745,549,706,706,706,706
Lynnea,Elena,Pandolfi,166,345,263,707,707,707,707
Bibby,Noelle,Faria,794,278,603,708,708,708,708
Stephanie,Kathi,Willie,949,421,86,709,709,709,709
Margarette,Beth,Stevy,464,769,609,710,710,710,710
Chere,Rani,Granoff,733,511,937,711,711,711,711
Corly,Kerrin,Helve,45,266,228,712,712,712,712
Rani,Roz,Phyllis,453,702,438,713,713,713,713
Marika,Karlee,Olympium,112,196,919,714,714,714,714
Elsie,Suzette,Schalles,609,61,961,715,715,715,715
Gilligan,Jinny,Azeria,232,910,988,716,716,716,716
Ardys,Sue,Skurnik,44,231,895,717,717,717,717
Winifred,Elena,Dielu,362,292,83,718,718,718,718
Karly,Anestassia,Gaynor,506,697,417,719,719,719,719
Helsa,Valli,Sabella,997,380,137,720,720,720,720
Chloris,Hermione,Isacco,815,267,898,721,721,721,721
Amara,Jaime,Mauer,758,51,604,722,722,722,722
Nariko,Valera,Hanshaw,727,566,645,723,723,723,723
Chrystel,Ericka,Roumell,840,723,517,724,724,724,724
Sadie,Darci,Dearborn,667,724,395,725,725,725,725
Binny,Leia,Louanna,517,377,792,726,726,726,726
Sue,Dede,Autrey,727,540,535,727,727,727,727
Anestassia,Lacie,Shama,371,874,298,728,728,728,728
Rubie,Rosabelle,Andrel,152,550,395,729,729,729,729
Edyth,Karly,Khorma,409,931,305,730,730,730,730
Helena,Pierette,Montgomery,785,134,765,731,731,731,731
Brianna,Margalo,Kellby,880,191,453,732,732,732,732
Chastity,Kelly,Ledah,18,32,734,733,733,733,733
Meg,Gertrud,Frodi,379,646,921,734,734,734,734
Marnia,Brooks,O'Neill,872,299,649,735,735,735,735
Jan,Elise,Roumell,990,547,407,736,736,736,736
Fidelia,Cam,Deny,348,88,730,737,737,737,737
Katleen,Carolina,Ajay,195,178,111,738,738,738,738
Neila,Lyssa,Richers,208,47,88,739,739,739,739
Sheree,Adriana,Oster,666,223,528,740,740,740,740
Cathyleen,Aigneis,Schroth,517,643,927,741,741,741,741
Candy,Rubie,Estella,265,905,185,742,742,742,742
Heida,Roberta,Urias,52,432,843,743,743,743,743
Tarra,Ann-Marie,Holtz,305,221,47,744,744,744,744
Nonnah,Sonni,Alabaster,139,42,228,745,745,745,745
Catharine,Yetty,Behre,859,754,578,746,746,746,746
Myriam,Rori,Durware,465,880,170,747,747,747,747
Lesly,Alie,Ellerey,374,938,487,748,748,748,748
Mahalia,Kary,Llovera,637,625,642,749,749,749,749
Marleah,Lynea,Sekofski,534,680,320,750,750,750,750
Anallese,Riannon,Iaverne,108,596,425,751,751,751,751
Chere,Lindie,Jehu,489,277,659,752,752,752,752
Deedee,Lynde,Bertold,191,286,570,753,753,753,753
Korrie,Dagmar,Toffic,555,875,37,754,754,754,754
Kellen,Rayna,Skurnik,117,544,977,755,755,755,755
Abbie,Blinni,Rosemary,717,930,389,756,756,756,756
Ann-Marie,Violet,Atonsah,183,954,582,757,757,757,757
Siana,Margalo,Baptlsta,311,579,286,758,758,758,758
Ermengarde,Karlee,Sherrie,669,234,778,759,759,759,759
Shell,Ginnie,Natalia,234,805,314,760,760,760,760
Susette,Neila,Charmine,585,508,761,761,761,761,761
Edith,Mahalia,Dunkin,381,913,976,762,762,762,762
Rhea,Claresta,Kesley,969,201,204,763,763,763,763
Lory,Leeanne,Pernick,917,992,438,764,764,764,764
Kara-Lynn,Lorenza,Greenwald,426,438,150,765,765,765,765
Kelly,Lynea,Ader,178,54,589,766,766,766,766
Devina,Max,Rebecka,511,856,140,767,767,767,767
Alejandra,Minne,Sheng,855,529,516,768,768,768,768
Mary,Averyl,O'Rourke,673,228,182,769,769,769,769
Kellen,Joeann,Roarke,522,484,307,770,770,770,770
Giustina,Linzy,Tippets,165,865,180,771,771,771,771
Zsa Zsa,Alameda,Schonfeld,9,961,639,772,772,772,772
Chickie,Belva,Willie,764,331,967,773,773,773,773
Tarra,Lusa,Bendick,765,294,269,774,774,774,774
Valeda,Cathyleen,Selway,39,326,806,775,775,775,775
Flo,Candi,Couture,959,977,925,776,776,776,776
Sharlene,Marjie,Giule,949,108,651,777,777,777,777
Kary,Zsa Zsa,Lia,388,124,795,778,778,778,778
Cherilyn,Benita,Libna,187,895,832,779,779,779,779
Annecorinne,Caritta,Daegal,789,577,367,780,780,780,780
Ida,Mara,Robertson,466,509,84,781,781,781,781
Corina,Concettina,Tremayne,878,619,1000,782,782,782,782
Jordan,Nollie,Borrell,558,822,571,783,783,783,783
Gretal,Jan,Iphlgenia,19,28,323,784,784,784,784
Maryellen,Michaelina,Fairweather,909,257,825,785,785,785,785
Deirdre,Sonni,Rosemary,337,185,355,786,786,786,786
Deloria,Maridel,Raychel,981,126,180,787,787,787,787
Phedra,Noelle,Fredi,629,855,103,788,788,788,788
Tressa,Frank,Donoghue,465,889,652,789,789,789,789
Ronna,Jerry,Seumas,250,807,741,790,790,790,790
Leia,Shell,Tarrant,333,652,804,791,791,791,791
Judy,Elise,Jalbert,32,553,477,792,792,792,792
Robbi,Annice,Kat,418,189,384,793,793,793,793
Tera,Abbie,Tengdin,793,849,2,794,794,794,794
Verla,Sibella,Dorcy,483,466,628,795,795,795,795
Paule,Zsa Zsa,Gombach,79,639,196,796,796,796,796
Gertrud,Pamella,Slifka,412,150,838,797,797,797,797
Emma,Vivia,Ehrman,790,606,15,798,798,798,798
Christal,Sharlene,Nore,312,401,370,799,799,799,799
Maryellen,Cathie,Gusella,976,649,361,800,800,800,800
Jenilee,Maud,Schroth,340,827,32,801,801,801,801
Paola,Melanie,Love,614,173,199,802,802,802,802
Karlee,Jaclyn,Gino,108,3,287,803,803,803,803
Andeee,Dulcinea,Rad,970,931,721,804,804,804,804
Katuscha,Minda,Riordan,166,51,412,805,805,805,805
Adelle,Marjie,Decato,254,230,615,806,806,806,806
Kelly,Karly,Sheedy,714,328,444,807,807,807,807
Corene,Lusa,Elo,21,555,55,808,808,808,808
Nariko,Gertrud,Ehrman,775,679,671,809,809,809,809
Binny,Catharine,Hollingsworth,517,2,738,810,810,810,810
Philis,Danika,Podvin,82,419,896,811,811,811,811
Pierette,Evaleen,Margret,120,818,449,812,812,812,812
Binny,Yolane,Anis,599,841,22,813,813,813,813
Johna,Miquela,Lowry,101,318,57,814,814,814,814
Stephanie,Clo,Killigrew,666,21,905,815,815,815,815
Jan,Cyndie,Bonucci,51,334,753,816,816,816,816
Tami,Elsie,Quinn,171,627,193,817,817,817,817
Elena,Katleen,Flyn,631,783,684,818,818,818,818
Brynna,Steffane,Leary,848,610,69,819,819,819,819
Chickie,Lory,Cath,106,295,129,820,820,820,820
Kayla,Maridel,Nester,270,838,763,821,821,821,821
Collen,Tani,Artie,366,490,772,822,822,822,822
Clo,Allyce,Nester,506,249,559,823,823,823,823
Kelly,Shauna,Caitlin,579,987,973,824,824,824,824
Kimmy,Blinni,Minetta,824,861,199,825,825,825,825
Darci,Madeleine,Arne,128,43,455,826,826,826,826
Mady,Alia,Oriana,364,856,164,827,827,827,827
Fanchon,Courtnay,Bearnard,591,543,527,828,828,828,828
Brietta,Katuscha,Claudine,675,320,400,829,829,829,829
Rivalee,Chickie,Clie,974,898,567,830,830,830,830
Corina,Elvira,Alabaster,610,431,492,831,831,831,831
Marika,Meg,Lissi,838,212,438,832,832,832,832
Mathilda,Dulce,Orelee,197,428,280,833,833,833,833
Dominga,Gisela,Phyllis,972,455,689,834,834,834,834
Deedee,Harmonia,Gert,607,49,991,835,835,835,835
Sissy,Gaylene,Lamoree,207,146,918,836,836,836,836
Sindee,Chickie,Diogenes,91,904,487,837,837,837,837
Glynnis,Tonia,Gregrory,35,180,798,838,838,838,838
Suzette,Marcy,Colbert,229,585,810,839,839,839,839
Lucille,Darlleen,Connelly,432,615,284,840,840,840,840
Mady,Rebeca,Saint,969,724,839,841,841,841,841
Mara,Nadine,Stevy,621,334,924,842,842,842,842
Kristina,Althea,Whittaker,292,441,205,843,843,843,843
Kary,Tami,Barney,612,745,295,844,844,844,844
Alyssa,Andree,Solitta,295,36,52,845,845,845,845
Hermione,Susette,Genna,603,289,372,846,846,846,846
Dianemarie,Frieda,Ovid,744,557,138,847,847,847,847
Perry,Claudina,Kannry,917,800,256,848,848,848,848
Violet,Penelopa,Sekofski,415,984,473,849,849,849,849
Penelopa,Lolita,Read,614,802,209,850,850,850,850
Tori,Tracey,Juliet,459,789,306,851,851,851,851
Charlena,Louella,Juan,447,324,85,852,852,852,852
Joceline,Glenda,Lunsford,115,836,650,853,853,853,853
Kirstin,Lita,Allina,739,59,43,854,854,854,854
Lusa,Keelia,Pierette,849,95,447,855,855,855,855
Heddie,Ruthe,Beniamino,43,891,426,856,856,856,856
Binny,Gwenneth,Fennessy,304,606,661,857,857,857,857
Lisette,Sarette,Shama,942,51,752,858,858,858,858
Maryellen,Jinny,Ries,892,48,337,859,859,859,859
Rani,Blake,Quent,10,390,870,860,860,860,860
Veda,Nerta,Eben,459,579,151,861,861,861,861
Alisha,Jeanna,Verger,595,597,895,862,862,862,862
Karena,Tori,Shaver,946,91,951,863,863,863,863
Leeanne,Drucie,Brittani,25,849,529,864,864,864,864
Christy,Roberta,Mullane,786,717,463,865,865,865,865
Almeta,Audrie,Clywd,444,926,658,866,866,866,866
Dorothy,Gwyneth,Stilwell,763,63,402,867,867,867,867
Kirstin,Cherilyn,Liebermann,249,868,238,868,868,868,868
Stacey,Celestyna,Voletta,420,243,633,869,869,869,869
Viviene,Micheline,McLaughlin,192,821,32,870,870,870,870
Sheree,Therine,Mitzi,556,332,936,871,871,871,871
Elena,Tami,Laurianne,211,925,14,872,872,872,872
Henriette,Sadie,Hoenack,230,169,714,873,873,873,873
Nannie,Giustina,Wyn,29,701,994,874,874,874,874
Drucie,Britni,Drus,70,495,876,875,875,875,875
Selia,Debee,Waite,380,731,608,876,876,876,876
Jaclyn,Dania,Melan,862,947,208,877,877,877,877
Evita,Frieda,Ferrell,749,81,84,878,878,878,878
Sherrie,Sharai,LaRue,842,545,972,879,879,879,879
Tamqrah,Emylee,Bartlett,988,583,909,880,880,880,880
Deloria,Carlie,Niccolo,640,602,571,881,881,881,881
Aaren,Vonny,Kesley,677,525,914,882,882,882,882
Katuscha,Aaren,Sigfrid,528,413,961,883,883,883,883
Morganica,Mureil,Bonucci,862,390,154,884,884,884,884
Carmencita,Tami,Bebe,628,195,421,885,885,885,885
Gale,Wileen,Westphal,427,507,697,886,886,886,886
Jordan,Trixi,Bonucci,980,903,180,887,887,887,887
Marcy,Regina,Therine,45,533,884,888,888,888,888
Joelly,Codie,Kolnick,336,869,762,889,889,889,889
Kaia,Lucy,Fredi,421,622,735,890,890,890,890
Netty,Dotty,Jobi,39,775,709,891,891,891,891
Kellen,Janeczka,Poll,644,407,761,892,892,892,892
Beverley,Valeda,Brenn,419,173,843,893,893,893,893
Isa,Mara,Tound,495,111,434,894,894,894,894
Britni,Rhea,Agle,554,265,114,895,895,895,895
Gilligan,Robinia,Cookie,848,211,837,896,896,896,896
Tersina,Miquela,Ehrman,784,533,508,897,897,897,897
Kathy,Collen,Engdahl,714,606,681,898,898,898,898
Jeanna,Kore,Ackerley,269,30,374,899,899,899,899
Hettie,Queenie,Rossner,705,318,686,900,900,900,900
Janenna,Binny,Tybald,552,177,200,901,901,901,901
Arabel,Emilia,Fleeta,854,994,681,902,902,902,902
Cordi,Cyb,Codding,461,371,140,903,903,903,903
Cherilyn,Sybille,Dominy,836,467,246,904,904,904,904
Albertina,Judy,Kaja,429,792,131,905,905,905,905
Candi,Bertine,Raul,869,61,107,906,906,906,906
Hyacinthe,Sharlene,Ietta,988,765,671,907,907,907,907
Agathe,Corina,Cleavland,824,981,473,908,908,908,908
Ida,Hannis,Juliet,192,808,159,909,909,909,909
Sarette,Lonnie,Garbe,361,708,581,910,910,910,910
Lulita,Antonietta,Faria,355,143,244,911,911,911,911
Alexine,Myrtice,Raseda,584,879,382,912,912,912,912
Annora,Jordan,Fabiola,919,912,482,913,913,913,913
Demetris,Bill,Verger,493,449,368,914,914,914,914
Phylis,Catrina,Kelula,111,313,132,915,915,915,915
Bee,Michaelina,Schlosser,521,756,99,916,916,916,916
Bertine,Juliane,Trace,176,375,428,917,917,917,917
Deloria,Ayn,Dalli,216,631,986,918,918,918,918
Noelle,Thalia,Persse,560,757,247,919,919,919,919
Marika,Charlena,Weinreb,366,476,842,920,920,920,920
Doralynne,Karly,Margarete,503,85,138,921,921,921,921
Beth,Jere,Norvol,967,351,364,922,922,922,922
Marylou,Elora,Alexandr,829,893,307,923,923,923,923
Nataline,Daryl,Friede,716,302,744,924,924,924,924
Celene,Eadie,Chabot,303,95,208,925,925,925,925
Kara-Lynn,Joleen,Ricarda,763,950,295,926,926,926,926
Wynne,Audrie,Truc,310,192,854,927,927,927,927
Frieda,Nananne,Lamoree,652,763,513,928,928,928,928
Addia,Patricia,Zola,399,964,605,929,929,929,929
Tami,Stacey,Berard,867,145,51,930,930,930,930
Ezmeralda,Anestassia,Ricarda,29,716,899,931,931,931,931
Jenda,Janey,Ochs,56,485,145,932,932,932,932
Rubie,Ekaterina,Breed,35,140,997,933,933,933,933
Merry,Elise,Anderea,146,797,904,934,934,934,934
Paulita,Marline,Selway,166,196,542,935,935,935,935
Anestassia,Fayre,Federica,746,996,322,936,936,936,936
Aaren,Jolyn,Berne,990,386,404,937,937,937,937
Barbi,Arabel,Anderea,358,484,17,938,938,938,938
Kalina,Melanie,Wilona,361,394,784,939,939,939,939
Raquela,Almeta,Delacourt,937,376,149,940,940,940,940
Oralee,Selma,Elsinore,6,410,905,941,941,941,941
Fina,Donnie,Schenck,890,808,198,942,942,942,942
Drucie,Shauna,Pip,444,972,207,943,943,943,943
Belva,Hollie,Kalinda,259,100,831,944,944,944,944
Vivia,Lindie,Noman,231,535,622,945,945,945,945
Linzy,Collen,Suk,45,471,383,946,946,946,946
Krystle,Hildegaard,Hoban,868,849,826,947,947,947,947
Shannah,Mary,Salvidor,368,90,602,948,948,948,948
Sindee,Britte,Milson,580,73,11,949,949,949,949
Ottilie,Willetta,Lea,314,681,928,950,950,950,950
Frances,Gratia,Trinetta,593,20,675,951,951,951,951
Carmencita,Edith,Shuler,542,990,270,952,952,952,952
Bernie,Ronna,Minetta,175,73,155,953,953,953,953
Lauryn,Katleen,Flita,889,49,349,954,954,954,954
Modestia,Norine,Toor,916,761,394,955,955,955,955
Lacie,Ariela,Tybald,276,464,399,956,956,956,956
Etta,Leeanne,Daegal,570,394,189,957,957,957,957
Lynea,Chrystel,Lemuela,599,302,71,958,958,958,958
Beverley,Beatriz,Tarrant,126,626,150,959,959,959,959
Ermengarde,Madelle,Euridice,241,249,364,960,960,960,960
Lanae,Claudina,Estella,890,957,218,961,961,961,961
Corry,Lisette,Pitt,592,927,507,962,962,962,962
Kary,Kaja,Gaynor,465,98,447,963,963,963,963
Benita,Tani,Stuart,168,592,455,964,964,964,964
Molli,Tersina,Ferino,514,788,780,965,965,965,965
Marguerite,Dacia,Suk,684,481,367,966,966,966,966
Jackie,Malina,Israeli,718,106,507,967,967,967,967
Basia,Rosene,Hunfredo,559,154,706,968,968,968,968
Madalyn,Hallie,Janith,877,837,385,969,969,969,969
Alia,Raina,Mott,126,613,137,970,970,970,970
Marnia,Adore,Hewitt,582,50,800,971,971,971,971
Daphne,Dacia,Eiser,991,220,772,972,972,972,972
Tonia,Bee,Nikaniki,626,850,17,973,973,973,973
Pollyanna,Tera,Honoria,176,744,420,974,974,974,974
Ilse,Joeann,Ariella,600,372,520,975,975,975,975
Phedra,Briney,Gusella,605,412,567,976,976,976,976
Loree,Benita,Bandeen,58,393,620,977,977,977,977
Aaren,Edyth,Joli,439,545,753,978,978,978,978
Briney,Florie,Blase,638,520,800,979,979,979,979
Jennica,Joceline,Gregrory,993,635,79,980,980,980,980
Jacenta,Dede,Wind,769,416,182,981,981,981,981
Ricky,Teriann,Mozelle,56,539,102,982,982,982,982
Hildegaard,Frieda,Anselmi,20,340,618,983,983,983,983
Max,Marita,Monk,603,730,246,984,984,984,984
Rani,Edith,Elsinore,988,908,362,985,985,985,985
Orsola,Alejandra,Anderea,961,998,680,986,986,986,986
Elsie,Binny,Greenwald,816,172,21,987,987,987,987
Aryn,Chickie,Pattin,379,663,70,988,988,988,988
Melina,Heida,Kress,191,648,867,989,989,989,989
Elise,Mallory,Naor,399,260,679,990,990,990,990
Jessamyn,Lesly,Wadell,818,937,302,991,991,991,991
Alisha,Emylee,Stanwood,830,366,388,992,992,992,992
Natka,Sallie,Wattenberg,439,115,561,993,993,993,993
Ericka,Dale,Wallis,184,61,969,994,994,994,994
Roseline,Nannie,Burkle,238,88,438,995,995,995,995
Jolyn,Concettina,Gunn,986,220,399,996,996,996,996
Bee,Jackie,Egbert,627,786,996,997,997,997,997
Gertrud,Sam,Ezar,546,222,465,998,998,998,998
Adore,Benita,Marcellus,852,370,578,999,999,999,999
Shauna,Cindelyn,Schenck,929,83,624,1000,1000,1000,1000