id,firstname,lastname
100,Hermione,Verger
101,Molli,Niccolo
102,Jany,McClimans
103,Dyann,Sibyls
104,Britni,Jotham
105,Latisha,Kussell
106,Elie,Constancy
107,Hyacinthe,Abernon
108,Kylynn,Lorain
109,Brooks,Annabella
110,Roz,Justinn
111,Dania,Demitria
112,Jaime,Avi
113,Marsiella,Meter
114,Jillayne,Pauly
115,Edyth,Hepsibah
116,Concettina,Gerge
117,Melanie,Hubert
118,Phedra,Merat
119,Dione,Eiser
120,Myriam,Shanley
121,Fawne,Waite
122,Shirlee,Maiah
123,Charlena,Cath
124,Gwenneth,Diogenes
125,Maridel,Erskine
126,Ottilie,Ardra
127,Kial,Sophronia
128,Gale,Jerald
129,Almeta,Boycey
130,Robinia,Martsen
131,Gilligan,Calhoun
132,Emylee,Lutero
133,Carree,Brittani
134,Reeba,Phaidra
135,Almeta,Pillsbury
136,Karlee,Bonucci
137,Odessa,Cosenza
138,Margalo,Fabiola
139,Eugine,Cath
140,Annabela,Sekofski
141,Trixi,Rheingold
142,Ardenia,Toffic
143,Janenna,Dudley
144,Dolli,Fiann
145,Susette,Koehler
146,Emelina,Auberbach
147,Annora,Callista
148,Lorie,Cath
149,Ulrike,Wyn
150,Alyssa,Shirberg
151,Augustine,Ralfston
152,Miquela,Idelia
153,Diena,Woodberry
154,Arlena,Eugenia
155,Elmira,Merriott
156,Liana,Prouty
157,Xylina,Nance
158,Wileen,Bates
159,Justinn,Blake
160,Maryellen,Elbertina
161,Lyssa,Delila
162,Estell,Rheingold
163,Odessa,McClimans
164,Gusty,Fry
165,Allyce,Braun
166,Blake,Kathie
167,Ada,Sasnett
168,Kelly,Carleen
169,Esmeralda,Wolfgram
170,Amalie,Graig
171,Kara-Lynn,Weide
172,Marcelline,Haerr
173,Sissy,Kress
174,Nicoli,Wesle
175,Marcelline,Cadmar
176,Emelina,MacIntosh
177,Donetta,Orpah
178,Christian,Estella
179,Brianna,Schroth
180,Tybie,Orelee
181,Ellette,Kathie
182,Emma,Bow
183,Vinita,Dash
184,Lily,Katrine
185,Gale,Earlie
186,Coral,Franza
187,Tracey,Caitlin
188,Rosanne,Bethany
189,Alexine,Bennie
190,Annice,Dielu
191,Ekaterina,Ahab
192,Taffy,Lareena
193,Halette,Roumell
194,Arlena,Torray
195,Queenie,Garek
196,Jany,Melleta
197,Evaleen,Bluh
198,Doralynne,Nore
199,Julieta,Uund
200,Sarette,Corrine
201,Mathilda,Carey
202,Rayna,Luhe
203,Alie,Santoro
204,Blondelle,Paine
205,Viki,Narton
206,Alisha,Heidt
207,Priscilla,Lowry
208,Theodora,Saree
209,Neila,Letsou
210,Annaliese,Annice
211,Christian,Alva
212,Kial,Eliathas
213,Fredericka,Weaks
214,Lucille,Johnsson
215,Eolanda,Callista
216,Dorene,Martsen
217,Alyssa,Hollingsworth
218,Catharine,Aida
219,Sindee,Afton
220,Viviene,Mike
221,Mamie,Armanda
222,Latisha,Chaing
223,Riannon,Ahab
224,Winifred,Fabiola
225,Noelle,Emerson
226,Stevana,Liva
227,Roz,Ovid
228,Cyb,Hunfredo
229,Roxane,Gabrielli
230,Chandra,Darian
231,Evita,Burkle
232,Hettie,Crudden
233,Paulita,Erlandson
234,Melisent,Mich
235,Randa,Andrel
236,Blinni,Diogenes
237,Fina,Sasnett
238,Randa,Markman
239,Cam,Izaak
240,Kittie,Candy
241,Randa,Wooster
242,Marjie,Latini
243,Tera,Rebecka
244,Shandie,Ax
245,Lynnea,Johnsson
246,Annabela,Claudine
247,Steffane,Sheng
248,Daryl,Salvidor
249,Janenna,Alexandr
250,Carmencita,Jeanne
251,Feliza,Sekofski
252,Karly,Grobe
253,Blinni,Shanley
254,Aeriela,Yuille
255,Chere,Means
256,Emelina,Alexandr
257,Ernesta,Sparhawk
258,Lorenza,Albertine
259,Nonnah,Wildermuth
260,Pearline,Burch
261,Veda,Abram
262,Lorie,Karylin
263,Aurelie,Annabella
264,Hildegaard,Fiester
265,Ermengarde,Edee
266,Elmira,Sancho
267,Eolanda,Allare
268,Gerrie,Shirberg
269,Heddie,Ogren
270,Margette,Leler
271,Gianina,Erb
272,Sean,McAdams
273,Oralee,Nickola
274,Gertrud,Pond
275,Karlee,Faso
276,Katuscha,Kronfeld
277,Nollie,Therine
278,Layla,Gabrielli
279,Kore,Wildermuth
280,Chastity,Huggins
281,Tiffie,Faust
282,Alia,Tannie
283,Misha,Ball
284,Raf,Peti
285,Philis,Wareing
286,Rosabelle,Tufts
287,Louella,Kosey
288,Juliane,Jerold
289,Kristan,Sisile
290,Cissiee,Ellerey
291,Margalo,Hull
292,Roseline,Amethist
293,Emma,Robertson
294,Roseline,Letsou
295,Pearline,Caitlin
296,Marjie,Kenney
297,Caressa,Wattenberg
298,Alejandra,Garbe
299,Agnese,Imelida
300,Kary,Katrine
301,Priscilla,Tayib
302,Alisha,Teddman
303,Johna,Fiann
304,Joleen,Stoller
305,Isa,Boehike
306,Alameda,Tarrant
307,Modestia,O'Neill
308,Mariann,Esmaria
309,Trixi,Junie
310,Maud,Paton
311,Alie,Adore
312,Marguerite,Adlare
313,Belinda,Kussell
314,Gertrud,Fosque
315,Gavrielle,Ashely
316,Jolyn,Faria
317,Lindie,Brady
318,Adriana,Cecile
319,Melisent,Letsou
320,Belva,Thilda
321,Sallie,Sasnett
322,Vivia,Ashok
323,Kristina,Anis
324,Albertina,Braun
325,Correy,Publia
326,Damaris,Weide
327,Danika,Velick
328,Julieta,Means
329,Latisha,Neils
330,Therine,Dalli
331,Robbi,Rosette
332,Celisse,Gusella
333,Sue,Euridice
334,Jenda,Faso
335,Kerrin,Brandice
336,Collen,Gaynor
337,Corry,Cleavland
338,Flo,Killigrew
339,Amara,Weaks
340,Viki,Rona
341,Fanny,Astra
342,Livvyy,Pozzy
343,Mady,Ledah
344,Corene,Terencio
345,Eugine,Rozanna
346,Rosanne,Cecile
347,Alameda,Wareing
348,Jillayne,Saree
349,Lanae,Kiyoshi
350,Mignon,Deegan
351,Julieta,Rozanna
352,Vonny,Rhu
353,Marinna,Faro
354,Kore,Center
355,Gilligan,Bergman
356,Mahalia,Brady
357,Zsa Zsa,Koehler
358,Katuscha,Letsou
359,Cathie,Lay
360,Lelah,Goddard
361,Demetris,Pond
362,Roberta,Ietta
363,Constance,Sprage
364,Clementine,Munn
365,Lynnea,Dielu
366,Katharina,Lilas
367,Sallie,Leffen
368,Zsa Zsa,Fredi
369,Elmira,Laverne
370,Emma,Astra
371,Sashenka,Tannie
372,Tierney,Berl
373,Debee,Leler
374,Tybie,Brandice
375,Winny,Hortensia
376,Binny,Maples
377,Sissy,Trace
378,Fawne,Genna
379,Adore,Ariella
380,Katleen,Helfand
381,Jemie,Stuart
382,Wileen,Turne
383,Tracey,Berriman
384,Ardys,Fink
385,Dari,Campball
386,Robinia,Wiener
387,Emylee,Ardeha
388,Rani,Glenden
389,Pearline,Kinnard
390,Coral,Yam
391,Cherilyn,Olin
392,Sara-Ann,Henrie
393,Philis,Hirsch
394,Rani,Stanwood
395,Corry,Cloris
396,Diena,Tice
397,Marleah,Alejoa
398,Marita,Eben
399,Janey,Ludewig
400,Bobinette,Middleton
401,Micheline,Kirstin
402,Danika,Weide
403,Latisha,Aprile
404,Norine,Brunell
405,Sharlene,Nisbet
406,Dione,Charmine
407,Marsiella,Orlene
408,Lila,Hazlett
409,Emilia,Saint
410,Beatriz,Loeb
411,Florencia,Poppy
412,Daryl,Bartlett
413,Frances,Jary
414,Charlena,Kravits
415,Tani,Glovsky
416,Sashenka,Nedrud
417,Jolyn,Brunell
418,Melodie,Strephon
419,Annice,Cordi
420,Sue,Shanley
421,Drucie,Wind
422,Isa,Ulphia
423,Robinia,Philipp
424,Philis,Egbert
425,Berget,Pacorro
426,Glynnis,Elo
427,Lonnie,Flyn
428,Kate,August
429,Atlanta,Gibbeon
430,Florencia,Casimir
431,Christian,Albertine
432,Marylou,Kermit
433,Nataline,Gunn
434,Harmonia,Goddard
435,Winny,Berl
436,Melanie,Lamoree
437,Selma,Audly
438,Jaclyn,Joeann
439,Dotty,Rheingold
440,Rayna,Dex
441,Nonnah,Eiser
442,Benita,Jobi
443,Jerry,Blisse
444,Cyndie,Mozelle
445,Emilia,Killigrew
446,Margalo,Oscar
447,Georgina,Stanwood
448,Lanna,Emerson
449,Marjie,Hieronymus
450,Christian,Milde
451,Cindelyn,Ramona
452,Ira,Rogerio
453,Claudina,Thornburg
454,Beverley,Bohlin
455,Lanae,Merat
456,Starla,Dudley
457,Agathe,Woodberry
458,Angelique,Yusuk
459,Miquela,Urias
460,Doralynne,Kermit
461,Cacilie,Girardo
462,Shannah,Japeth
463,Consuela,Kussell
464,Linzy,Bergman
465,Cherrita,Nikaniki
466,Tobe,Glovsky
467,Averyl,Raseda
468,Correy,Lynn
469,Cathyleen,Alabaster
470,Verla,Arquit
471,Jaime,Cookie
472,Margarette,Emanuel
473,Dolli,Vacuva
474,Mady,Damarra
475,Veda,Rozanna
476,Annaliese,Eugenia
477,Paola,Melony
478,Cyndie,Ehrman
479,Orelia,Bennie
480,Carmencita,Harday
481,Rozele,Ursulette
482,Pierette,Rebecka
483,Coral,Rodmann
484,Joane,Cyrie
485,Florie,Ade
486,Jerry,Campball
487,Bernardine,Ruvolo
488,Ana,Alejoa
489,Malina,Taam
490,Gertrud,Lilas
491,Shell,Sothena
492,Britni,Emmaline
493,Carree,Lutero
494,Starla,Hortensia
495,Emma,Klotz
496,Georgetta,Brackely
497,Kamilah,Brenn
498,Jinny,Mauer
499,Mamie,Zola
500,Cordi,Wiener
501,Ilse,Skurnik
502,Rosene,Jefferey
503,Annecorinne,Phaidra
504,Rayna,Brieta
505,Georgina,Ciro
506,Bertine,Belanger
507,Nanete,Loring
508,Nita,Bashemeth
509,Blake,Palocz
510,Helsa,Waldron
511,Valera,Destinee
512,Tobe,Khorma
513,Claudina,Thunell
514,Amelia,LaRue
515,Korrie,Cordi
516,Carmela,Gamaliel
517,Doro,Schonfeld
518,Lulita,Taima
519,Mathilda,Faria
520,Hettie,Gaal
521,Allis,Marlie
522,Kathy,Palocz
523,Miquela,McClimans
524,Cherrita,Kaja
525,Dagmar,Verger
526,Nannie,Dorcy
527,Livvyy,Salchunas
528,Sissy,Behre
529,Mignon,Genna
530,Olivette,Thornburg
531,Claresta,Wu
532,Dominga,Lauraine
533,Maisey,Atcliffe
534,Paola,Iiette
535,Nadine,Imelida
536,Demetris,Candy
537,Margalo,Tufts
538,Hope,Demitria
539,Tomasina,Stuart
540,Andree,Euridice
541,Jordan,Tacye
542,Caressa,Madelene
543,Kathy,Egbert
544,Margette,Orelee
545,Yvonne,Seumas
546,Nadine,Hurley
547,Jaclyn,Helve
548,Shauna,Terencio
549,Ana,Merriott
550,Shel,Socha
551,Belinda,Brieta
552,Carmencita,Constancy
553,Dione,Ummersen
554,Aurore,Martguerita
555,Corina,Blase
556,Bobinette,Ezar
557,Edith,Merriott
558,Bernie,Zenas
559,Lorne,Faria
560,Sonni,Geffner
561,Nadine,Lowry
562,Gwenneth,Ortrude
563,Clo,Henebry
564,Sophia,Klemperer
565,Blinni,Dahlia
566,Ivett,Giule
567,Eolanda,Bettine
568,Leanna,Hutchison
569,Jaime,Sothena
570,Beth,Raama
571,Perry,Thar
572,Dorthy,O'Carroll
573,Inga,Duwalt
574,Alyda,Ade
575,Misha,Pulsifer
576,Zia,Poll
577,Merci,Kellby
578,Ebonee,Hashim
579,Tani,Rheingold
580,Meg,Persse
581,Gerianna,Thad
582,Luci,Campball
583,Candi,Odysseus
584,Jere,Hewitt
585,Adelle,Karna
586,Gilda,Cristi
587,Aigneis,Georas
588,Larine,Ortrude
589,Kirbee,Havens
590,Claresta,Ade
591,Tarra,Tayib
592,Alie,Gaynor
593,Nicoli,Ranjiv
594,Cristine,Merna
595,Marline,Rhu
596,Merci,Campball
597,Ermengarde,Hunfredo
598,Anestassia,Ludewig
599,Di,Tyson
600,Mara,Boehike
601,Lenna,Llovera
602,Roz,Telfer
603,Magdalena,Helve
604,Beatriz,Millda
605,Natka,Wiener
606,Nikki,Ethban
607,Veda,Adore
608,Olivette,Alisia
609,Emmey,Tarrant
610,Vita,Huggins
611,Tani,Ambrosia
612,Livvyy,Remmer
613,Monika,Ardra
614,Leeanne,Adlare
615,Aryn,Syd
616,Kelly,Blisse
617,Luci,Vastah
618,Dari,Merell
619,Vevay,Arquit
620,Damaris,Jehu
621,Constance,Auberbach
622,Sabina,Demitria
623,Jinny,Rona
624,Gratia,Lindemann
625,Helena,Bonilla
626,Tarra,Crudden
627,Kate,Honoria
628,Fernande,Erlandson
629,Lisette,Angelis
630,Ninnetta,Carolin
631,Ofilia,Gualtiero
632,Heida,Chinua
633,Claresta,Kalinda
634,Ardys,Lane
635,Gisela,Odell
636,Wendi,Norrie
637,Mariele,Hylan
638,Joelly,Anderea
639,Carly,Love
640,Gavrielle,Bakerman
641,Karlee,Suzetta
642,Merrie,Bashemeth
643,Sharai,Trinetta
644,Roseline,Carleen
645,Ilse,Kimmie
646,Pollyanna,Celestine
647,Ellette,Carlson
648,Leeanne,Eliathas
649,Tamqrah,Sacken
650,Abbie,Schalles
651,Wanda,Leopold
652,Cyndie,Ardeha
653,Shell,Ball
654,Imojean,Hull
655,Jan,Kiersten
656,Marguerite,Erlandson
657,Dede,Belldas
658,Anallese,Milson
659,Annaliese,Lemuela
660,Estell,Xerxes
661,Tatiania,Tacye
662,Gui,Kermit
663,Christy,Wareing
664,Beverley,Orpah
665,Lanna,Auberbach
666,Siana,Baylor
667,Jemie,Allys
668,Sheelagh,Dielu
669,Kristan,Arquit
670,Nessie,Gunn
671,Debee,Ax
672,Ninnetta,Bow
673,Micheline,Madelene
674,Doro,Stephie
675,Steffane,Aldric
676,Annice,Margret
677,Hettie,Lauraine
678,Valeda,Bergman
679,Marsiella,Turne
680,Belva,Viddah
681,Althea,Lumbard
682,Jenilee,Lytton
683,Ardeen,Pernick
684,Philis,Rosalba
685,Hyacinthe,Brian
686,Grier,Salchunas
687,Siana,Saree
688,Frieda,Parette
689,Clo,Anselmi
690,Allyce,Kenwood
691,Doralynne,Pozzy
692,Ana,Erich
693,Eolanda,Whittaker
694,Aaren,Ilka
695,Rhoda,Rustice
696,Lesly,Garlinda
697,Brandise,Jenness
698,Kathy,Bari
699,Lexine,Raffo
700,Carly,Suanne
701,Julieta,Kenwood
702,Devina,Jorgan
703,Tiffie,Tamsky
704,Pearline,Rillings
705,Jemie,Ilka
706,Rhea,Manolo
707,Britte,Mozelle
708,Nanete,Douglass
709,Grier,Rogerio
710,Maud,Posner
711,Cassondra,Mike
712,Brana,Persse
713,Marti,Santoro
714,Laure,Wolfgram
715,Hallie,Nance
716,Renae,Zeeba
717,Caressa,Atcliffe
718,Alisha,Dearborn
719,Fanny,Susannah
720,Zia,Imelida
721,Sibella,Kermit
722,Dolli,Monaco
723,Kamilah,Turne
724,Glynnis,Pacorro
725,Jackie,Matthew
726,Selma,Haerr
727,Paule,Janene
728,Magdalena,Gale
729,Jillayne,Kesley
730,Ebonee,Douglass
731,Celisse,Kaete
732,Clementine,Hanshaw
733,Elfreda,Sheedy
734,Jennica,Marden
735,Vanessa,Ulphia
736,Estell,Roarke
737,Benita,Oneida
738,Goldie,Lowry
739,Helsa,Raul
740,Marika,Guthrie
741,Fawne,Colyer
742,Alisha,Bahr
743,Collen,Corrine
744,Ebonee,Hertzfeld
745,Elka,Gaulin
746,Estell,Rubie
747,Fina,Thomasina
748,Alex,Hertzfeld
749,Ricky,Claudine
750,Lelah,Redmond
751,Jessamyn,Donell
752,Ruthe,Egbert
753,Carolina,Goldina
754,Marita,Eno
755,Alex,Ietta
756,Yetty,O'Rourke
757,Elbertina,Gaal
758,Alyssa,Chabot
759,Feliza,Ulphia
760,Abbie,Nadia
761,Joy,Dosia
762,Elie,Abbot
763,Dotty,Cath
764,Gratia,Prouty
765,Lizzie,Kinnard
766,Julieta,Lacombe
767,Cherrita,Chauncey
768,Maurene,Damarra
769,Sean,Thad
770,Joane,Clywd
771,Roslyn,Federica
772,Cherrita,Tacye
773,Alex,Maxi
774,Claudina,Kermit
775,Annora,Boycey
776,Elbertina,Cressida
777,Chickie,Garek
778,Christy,Roarke
779,Theodora,Shanley
780,Edyth,Camden
781,Bobinette,Borrell
782,Fina,Hylan
783,Antonietta,Lia
784,Viviene,Hirsch
785,Eolanda,Granoff
786,Kathy,Skell
787,Jillayne,Jotham
788,Raquela,Milson
789,Daryl,Sancho
790,Lorenza,Baptlsta
791,Danny,Whittaker
792,Goldie,Euridice
793,Florencia,Izaak
794,Adelle,Chrystel
795,Valera,Ogren
796,Hannis,Atcliffe
797,Helena,Lauraine
798,Mary,Seagraves
799,Belinda,Horan
800,Tera,Middleton
801,Max,Shaver
802,Ardenia,Carolin
803,Ethel,Payson
804,Alejandra,Eldrid
805,Alyssa,Klotz
806,Chickie,Zrike
807,Millie,Goode
808,Margette,Tound
809,Leeanne,Glenden
810,Corly,Lacombe
811,Arabel,Joli
812,Kamilah,Jarib
813,Arlena,Zamora
814,Caryl,Kazimir
815,Gabriellia,Byrne
816,Sadie,Shaddock
817,Madeleine,Lumbard
818,Jorry,Naashom
819,Dagmar,Adrienne
820,Willetta,Whittaker
821,Lulita,Yuille
822,Nerta,Duwalt
823,Micheline,Wareing
824,Zsa Zsa,Daniele
825,Kerrin,Maryanne
826,Hannis,Chrystel
827,Steffane,Bari
828,Marnia,Cottle
829,Angela,Gale
830,Bertine,Lunsford
831,Bertine,Hirsch
832,Rosanne,Lane
833,Tamqrah,Primalia
834,Lila,Magnolia
835,Stevana,Bari
836,Sybille,August
837,Goldie,Capello
838,Carmela,Sawtelle
839,Tressa,Bobbee
840,Anallese,Means
841,Bobbi,Pond
842,Kate,Ellord
843,Florencia,Romelda
844,Romona,Raychel
845,Sonni,Pierette
846,Tami,Scammon
847,Fidelia,Fink
848,Corene,Wallis
849,Etta,Trey
850,Zondra,Boycey
851,Ileana,Cyrie
852,Therine,Ovid
853,Maurene,Yoko
854,Margarette,Glovsky
855,Libbie,Imelida
856,Desirae,Joni
857,Riannon,Philoo
858,Maisey,Rudolph
859,Sarette,Ehrman
860,Annice,McClimans
861,Linet,Demitria
862,Oona,Halla
863,Oralee,Toor
864,Roseline,Carvey
865,Emmey,Sancho
866,Jorry,Center
867,Kial,Rubie
868,Jasmina,Estella
869,Micheline,Madox
870,Marita,Garlinda
871,Sandie,Ferino
872,Jeanna,Lalitta
873,Louella,Bebe
874,Susette,Ralfston
875,Aurelie,Muriel
876,Rori,Swanhildas
877,Misha,Eliathas
878,Tina,Septima
879,Gusella,Arquit
880,Goldie,Ade
881,Deane,Cassius
882,Aeriela,Marsden
883,Olivette,Lanita
884,Dolli,Smitt
885,Melina,Gualtiero
886,Alyda,Fiann
887,Antonietta,Goerke
888,Ileana,Septima
889,Benita,Friede
890,Dianemarie,Si
891,Genovera,Ambrosia
892,Daune,Drisko
893,Caryl,Marsden
894,Desirae,Jefferey
895,Minne,Kathie
896,Lindie,Ellerey
897,Averyl,Schwejda
898,Ethel,Thilda
899,Sadie,Maribeth
900,Celisse,Guildroy
901,Lusa,Faro
902,Clo,Lamoree
903,Heddie,Liva
904,Berta,Chauncey
905,Roz,Eldrid
906,Ashlee,Alice
907,Monika,Cressida
908,Babita,Ailyn
909,Shandie,Connelly
910,Viki,Thad
911,Sybille,Wildermuth
912,Janis,Thar
913,Belva,Sabella
914,Justinn,Grobe
915,Gisela,Ledah
916,Rhea,Pierette
917,Jolyn,Rheingold
918,Ernesta,Oneida
919,Sonni,Stephie
920,Jenda,Lea
921,Ginnie,Brian
922,Jeanna,Pyle
923,Nyssa,Medrek
924,Adele,Zenas
925,Joane,Ethban
926,Helena,Guthrie
927,Clarice,Joli
928,Feliza,Vary
929,Frieda,Bultman
930,Oralee,Ramona
931,Tori,Valoniah
932,Hyacinthe,Fiann
933,Evaleen,Palocz
934,Tatiania,Fax
935,Vevay,Brodench
936,Amii,Wolfgram
937,Susette,Caitlin
938,Natka,Grobe
939,Jenda,Tybald
940,Bernie,Merriott
941,Kimmy,Aaberg
942,Ethel,Malvino
943,Adriana,Han
944,Chandra,Waldron
945,Netty,Peonir
946,Lesly,Cookie
947,Tilly,Alisia
948,Emylee,Borrell
949,Oona,Shanley
950,Lynnea,Gregrory
951,Jeanna,Aida
952,Brandise,Cleavland
953,Randa,Fink
954,Lanna,Merna
955,Camile,Gemini
956,Oralee,Virgin
957,Cyb,Roxanna
958,Maud,Norvol
959,Cherrita,Izaak
960,Liana,Emmaline
961,Janey,Jefferey
962,Hildegaard,Rheingold
963,Ardys,Hachmin
964,Morganica,Cavan
965,Atlanta,Ricki
966,Ninnetta,Paine
967,Ivett,Skell
968,Corry,Junie
969,Lesly,Bow
970,Mady,Quent
971,Orelia,Merna
972,Florencia,Daveta
973,Evaleen,Jillane
974,Dorothy,Zachary
975,Nerta,Ludewig
976,Jessy,Noelyn
977,Leia,Ball
978,Emilia,Teryn
979,Addia,Barrus
980,Kore,Emmy
981,Genovera,Secrest
982,Selia,Bettine
983,Dulce,Keily
984,Elena,Talia
985,Stacey,Hoenack
986,Sadie,Lauraine
987,Lanae,Telfer
988,Kial,Lorain
989,Kamilah,Gaulin
990,Adriana,Hanshaw
991,Hermione,Sekofski
992,Penelopa,Rhu
993,Beverley,Dunkin
994,June,Ehrman
995,Cherrita,Burnside
996,Nikki,O'Rourke
997,Shauna,Camden
998,Elbertina,Phi
999,Regina,Modie
1000,Gaylene,Stav
1001,Barbara,Tufts
1002,Viviene,Forrer
1003,Carmencita,Moseley
1004,Keelia,Vittoria
1005,Marsiella,Toni
1006,Vivia,Sprage
1007,Gilda,Sidonius
1008,Meriel,Borrell
1009,Kathi,Orlene
1010,Amalie,Jillane
1011,Florie,Kenwood
1012,Eve,Wandie
1013,Tera,Cherianne
1014,Harrietta,Winnick
1015,Queenie,Lowry
1016,Jessy,Claudine
1017,Gertrud,Ventre
1018,Blake,Hanleigh
1019,Linet,Mullane
1020,Margarette,Berriman
1021,Renie,Santoro
1022,Gavrielle,Tatianas
1023,Marika,Fancie
1024,Hannis,Pulsifer
1025,Leona,Frodi
1026,Mireielle,Oster
1027,Laurene,Leler
1028,Cathyleen,Graig
1029,Marti,Leopold
1030,Phylis,Malanie
1031,Dede,Evangelia
1032,Meriel,Astra
1033,Alie,Macey
1034,Arlina,Loleta
1035,Rori,Judye
1036,Lanae,Hanshaw
1037,Reeba,Rosalba
1038,Nickie,Dyche
1039,Brena,Janith
1040,Jennica,Mayeda
1041,Verla,Ledah
1042,Doralynne,Destinee
1043,Lorenza,Simmonds
1044,Carmencita,Nelsen
1045,Dania,Claudine
1046,Perry,Thad
1047,Lyssa,Tufts
1048,Lorenza,Billye
1049,Josephine,Moina
1050,Heddie,Hylan
1051,Theodora,Atcliffe
1052,Zia,Keelia
1053,Demetris,LaRue
1054,Dawn,Felizio
1055,Mireielle,Bartlett
1056,Carlie,Lowry
1057,Sidoney,Vernier
1058,Julieta,Justinn
1059,Josephine,Rodmann
1060,Cyndie,Gaynor
1061,Ilse,Truc
1062,Teddie,Konyn
1063,Lonnie,Engdahl
1064,Nanete,Faso
1065,Albertina,Rozanna
1066,Fayre,Kendrick
1067,Rayna,Girardo
1068,Susan,Concha
1069,Kaia,Thema
1070,Brietta,Talia
1071,Jemie,Curren
1072,Jerry,Schroth
1073,Caritta,Zina
1074,Petronia,Saint
1075,Peri,Zeeba
1076,Elie,Gualtiero
1077,Aurelie,Lipson
1078,Deloria,Adlare
1079,Ardenia,Bohlin
1080,Liana,Meter
1081,Justinn,Ophelia
1082,Starla,Darbie
1083,Flory,Kathie
1084,Donnie,Ricki
1085,Deedee,Zuzana
1086,Winifred,Pettiford
1087,Anestassia,Lory
1088,Pollyanna,McAdams
1089,Linzy,Moseley
1090,Claudina,Kylander
1091,Beatriz,Reneta
1092,Shandie,Bashemeth
1093,Carmela,Susannah
1094,Theodora,Trace
1095,Paulita,Colleen
1096,Minne,Teddman
1097,Tera,Gerge
1098,Cristabel,Auberbach
1099,Heida,Georgy